ID,Name,Distinction,Sustainable,Bibendum,Country,City,Price,Type,Tel,IMG,Address
129,頤宮,3,FALSE,FALSE,臺灣,台北,$$$$,粵菜,+886221819985,https://axwwgrkdco.cloudimg.io/v7/__gmpics__/2a7ba14182ce4e6e8d8a3f859829204c,"大同區承德路一段3號17樓 (君品酒店), Taipei, 103, 臺灣"
276,態芮,3,FALSE,FALSE,臺灣,台北,$$$$,時尚臺灣菜,+886285015500,https://axwwgrkdco.cloudimg.io/v7/__gmpics__/118bacc7f0834d29a235812f4c2a8b18,"中山區樂群三路299號6樓, Taipei, 104, 臺灣"
311,JL Studio,3,FALSE,FALSE,臺灣,台中,$$$$,新加坡菜,+886423803570,https://axwwgrkdco.cloudimg.io/v7/__gmpics__/f8c51ddf3aae44b084b1ed470ee19f45,"南屯區益豐路四段689號2樓, Taichung, 408, 臺灣"
20,渥達尼斯磨坊,2,FALSE,FALSE,臺灣,台北,$$$$,時尚西班牙菜,+886225006770,https://axwwgrkdco.cloudimg.io/v7/__gmpics__/577ca6c52f514833b2e5858a40bc4d0f,"中山區建國北路一段61號 (慕舍酒店), Taipei, 10491, 臺灣"
38,牡丹,2,FALSE,FALSE,臺灣,台北,$$$$,天婦羅,+886227068699,https://axwwgrkdco.cloudimg.io/v7/__gmpics__/e38a809add894462baf8c5583c05fb17,"大安區四維路52巷17號, Taipei, 106, 臺灣"
42,logy,2,FALSE,FALSE,臺灣,台北,$$$,時尚亞洲菜,訪問網,https://axwwgrkdco.cloudimg.io/v7/__gmpics__/c165fdf1913946099f24cd4a6d2c74e5,"大安區安和路一段109巷6號, Taipei, 106, 臺灣"
46,侯布雄,2,FALSE,FALSE,臺灣,台北,$$$$,時尚法國菜,+886287292628,https://axwwgrkdco.cloudimg.io/v7/__gmpics__/71a931651d28403d9f8da0314ea9c477,"信義區松仁路28號5樓 (寶麗廣場), Taipei, 110, 臺灣"
63,Liberté,2,FALSE,FALSE,臺灣,高雄,$$$$,現代菜,+88673347810,https://axwwgrkdco.cloudimg.io/v7/__gmpics__/f98183f4984d43878efb7740f85f552c,"前鎮區中華五路802號, Kaohsiung, 臺灣"
104,RAW,2,FALSE,FALSE,臺灣,台北,$$$$,創新菜,+886285015800,https://axwwgrkdco.cloudimg.io/v7/__gmpics__/bbd7a04e71014fcb8f2e798378759ecc,"中山區樂群三路301號, Taipei, 104, 臺灣"
1,文公館,1,FALSE,FALSE,臺灣,台中,$$$,時尚臺灣菜,+886423266655,https://axwwgrkdco.cloudimg.io/v7/__gmpics__/3f3e81547f524d4cab5d8134bf1f0e40,"西屯區文心路二段636號, Taichung, 臺灣"
2,斑泊,1,FALSE,FALSE,臺灣,台北,$$$,時尚臺灣菜,+886285029168,https://axwwgrkdco.cloudimg.io/v7/__gmpics__/e7a317a5593b4992969076bfb5a8a846,"中山區樂群二路265巷38號, Taipei, 臺灣"
19,ZEA,1,FALSE,FALSE,臺灣,台北,$$$$,拉丁美洲菜,營業時間,https://axwwgrkdco.cloudimg.io/v7/__gmpics__/10daa2d9d2544a259611410fa4c2de55,"大安區仁愛路四段300巷20弄5號, Taipei, 臺灣"
26,Ad Astra,1,FALSE,FALSE,臺灣,台北,$$$$,時尚歐陸菜,訪問網,https://axwwgrkdco.cloudimg.io/v7/__gmpics__/a60585f097214ce4a146d96311c6bc69,"中山區中山北路二段45巷23號, Taipei, 臺灣"
47,吉兆割烹壽司,1,FALSE,FALSE,臺灣,台北,$$$$,壽司,+886227711020,https://axwwgrkdco.cloudimg.io/v7/__gmpics__/5308351622f94d6a8f2eb7efff108b9b,"大安區忠孝東路四段181巷48號, Taipei, 106, 臺灣"
48,教父牛排,1,FALSE,FALSE,臺灣,台北,$$$,牛排屋,+886285011838,https://axwwgrkdco.cloudimg.io/v7/__gmpics__/cc30a42b208c448aba35020a63609a18,"中山區樂群三路58號, Taipei, 104, 臺灣"
49,鹽之華,1,FALSE,FALSE,臺灣,台中,$$$$,時尚法國菜,+886422520991,https://axwwgrkdco.cloudimg.io/v7/__gmpics__/65f9c14c63144a98a2c1f79c020be7c8,"西屯區市政路581之1號, Taichung, 407, 臺灣"
51,明壽司,1,FALSE,FALSE,臺灣,台北,$$$$,壽司,+886225961069,https://axwwgrkdco.cloudimg.io/v7/__gmpics__/2ca193efb24446379a01842f8136c87d,"中山區雙城街25巷6之3號, Taipei, 104, 臺灣"
94,彧割烹,1,FALSE,FALSE,臺灣,台北,$$$$,日本菜,+886225030303,https://axwwgrkdco.cloudimg.io/v7/__gmpics__/0e52a8ef87394125a8328b7ca2df4b6e,"松山區三民路9之1號, Taipei, 臺灣"
101,天香樓,1,FALSE,FALSE,臺灣,台北,$$$,杭州菜,+886225971234,https://axwwgrkdco.cloudimg.io/v7/__gmpics__/53ddfe6698a4427eb37d9bf6e5387791,"中山區民權東路二段41號B1 (亞都麗緻大飯店）, Taipei, 104, 臺灣"
102,鮨野村,1,FALSE,FALSE,臺灣,台北,$$$$,壽司,+886227077518,https://axwwgrkdco.cloudimg.io/v7/__gmpics__/d2589240168e4401bafb456f6ff8a135,"大安區仁愛路四段300巷19弄4號, Taipei, 106, 臺灣"
130,金蓬萊遵古台菜,1,FALSE,FALSE,臺灣,台北,$$,臺灣菜,+886228711517,https://axwwgrkdco.cloudimg.io/v7/__gmpics__/ca259327ab5049a08eb37ad5f8fb1df6,"士林區天母東路101號, Taipei, 111, 臺灣"
134,Longtail,1,FALSE,FALSE,臺灣,台北,$$$,創新菜,+886227326616,https://axwwgrkdco.cloudimg.io/v7/__gmpics__/129f4fbaddd7477389c8217ea7400f82,"大安區敦化南路二段174號, Taipei, 106, 臺灣"
135,Impromptu by Paul Lee,1,FALSE,FALSE,臺灣,台北,$$$,創新菜,+886225212518,https://axwwgrkdco.cloudimg.io/v7/__gmpics__/c43225d9f36143c29cbd7c2d0648e719,"中山區中山北路二段39巷3號B1 (晶華酒店), Taipei, 104, 臺灣"
139,米香,1,FALSE,FALSE,臺灣,台北,$$$,臺灣菜,+886277223391,https://axwwgrkdco.cloudimg.io/v7/__gmpics__/298e202b12e94173880049fd5ba59e01,"中山區樂群二路55號3樓 (美福大飯店), Taipei, 10462, 臺灣"
146,承,1,FALSE,FALSE,臺灣,高雄,$$$$,日本菜,訪問網,https://axwwgrkdco.cloudimg.io/v7/__gmpics__/716be63b56744b38b7afc788232d6c64,"前鎮區中華五路806號2樓, Kaohsiung, 臺灣"
155,俺達的肉屋,1,FALSE,FALSE,臺灣,台中,$$$,燒烤,+886423250588,https://axwwgrkdco.cloudimg.io/v7/__gmpics__/4cac3210f9964c40a83fce035d381ff4,"西區公益路194之1號, Taichung, 臺灣"
165,A Cut,1,FALSE,FALSE,臺灣,台北,$$$$,牛排屋,+886225710389,https://axwwgrkdco.cloudimg.io/v7/__gmpics__/dc27e56325e949c78d30ab9472e81226,"中山區遼寧街177號2樓 (富邦遼寧大樓), Taipei, 104105, 臺灣"
168,INITA,1,FALSE,FALSE,臺灣,台北,$$$$,時尚義大利菜,+886225770886,https://axwwgrkdco.cloudimg.io/v7/__gmpics__/d2997e54343a46229c28097e9bfe41c0,"松山區八德路三段12巷52弄1號, Taipei, 臺灣"
190,明福台菜海產,1,FALSE,FALSE,臺灣,台北,$$$,臺灣菜,+886225629287,https://axwwgrkdco.cloudimg.io/v7/__gmpics__/777bdfe481a34002abd43e67354c923d,"中山區中山北路二段137巷18之1號, Taipei, 104, 臺灣"
200,謙安和,1,FALSE,FALSE,臺灣,台北,$$$$,日本菜,+886227008128,https://axwwgrkdco.cloudimg.io/v7/__gmpics__/1bf295e2a8f4439b9c7baf133e5b6aa9,"大安區安和路一段127巷4號, Taipei, 106, 臺灣"
203,Forchetta,1,FALSE,FALSE,臺灣,台中,$$$,時尚歐陸菜,+886422558111,https://axwwgrkdco.cloudimg.io/v7/__gmpics__/1ac5c230a176493f857b3a18a324096a,"西屯區惠中七街36號2樓, Taichung, 407, 臺灣"
224,請客樓,1,FALSE,FALSE,臺灣,台北,$$$,淮揚菜,+886223211818,https://axwwgrkdco.cloudimg.io/v7/__gmpics__/921fe7c0a8c34e83bdf43544cc7fa4d5,"中正區忠孝東路一段12號17樓 (喜來登大飯店), Taipei, 100, 臺灣"
226,雅閣,1,FALSE,FALSE,臺灣,台北,$$$$,粵菜,+886227156788,https://axwwgrkdco.cloudimg.io/v7/__gmpics__/4ef29862758d480d89d708f41fda33be,"松山區敦化北路158號3樓 (文華東方酒店), Taipei, 105, 臺灣"
230,鮨隆,1,FALSE,FALSE,臺灣,台北,$$$$,壽司,+886225818380,https://axwwgrkdco.cloudimg.io/v7/__gmpics__/63a89e26d52f434daf5fb76b29574203,"中山區新生北路二段60之5號, Taipei, 104, 臺灣"
235,de nuit,1,FALSE,FALSE,臺灣,台北,$$$$,時尚法國菜,+886227001958,https://axwwgrkdco.cloudimg.io/v7/__gmpics__/29575a077dd9403d9195ed5a345aae3d,"大安區信義路四段175號, Taipei, 臺灣"
239,T+T,1,FALSE,FALSE,臺灣,台北,$$$,時尚亞洲菜,+886227199191,https://axwwgrkdco.cloudimg.io/v7/__gmpics__/dc582e82ce644a21a1528e98303acc29,"松山區敦化北路165巷11號, Taipei, 臺灣"
247,欣葉 鐘菜,1,FALSE,FALSE,臺灣,台北,$$,臺灣菜,+886225327373,https://axwwgrkdco.cloudimg.io/v7/__gmpics__/d03b31e24cec43f482ea2d4b194a06de,"中山區樂群二路199號 (中城廣場), Taipei, 臺灣"
261,富錦樹台菜香檳 (松山),1,FALSE,FALSE,臺灣,台北,$$,臺灣菜,+886287128770,https://axwwgrkdco.cloudimg.io/v7/__gmpics__/6139cd4bc422469d8c4ceed34844c3be,"松山區敦化北路199巷17號, Taipei, 臺灣"
265,Holt,1,FALSE,FALSE,臺灣,台北,$$$$,時尚歐陸菜,+886225451113,https://axwwgrkdco.cloudimg.io/v7/__gmpics__/3944e2dec6c2435fba85e5fc7ba0edd9,"松山區民生東路三段113巷6弄11號, Taipei, 臺灣"
268,壽司芳,1,FALSE,FALSE,臺灣,台北,$$$$,日本菜,+886227215560,https://axwwgrkdco.cloudimg.io/v7/__gmpics__/1d071ada72c24a06966c8e1ea91dd57e,"大安區忠孝東路四段216巷19弄12號, Taipei, 106, 臺灣"
278,Haili,1,FALSE,FALSE,臺灣,高雄,$$$,現代菜,+88672150559,https://axwwgrkdco.cloudimg.io/v7/__gmpics__/90f4abe2c5af4612a2f3eb3dd5f88239,"前金區成功一路264-1號2樓, Kaohsiung, 臺灣"
288,巴黎廳1930x高山英紀,1,FALSE,FALSE,臺灣,台北,$$$$,時尚法國菜,+886225971234,https://axwwgrkdco.cloudimg.io/v7/__gmpics__/04628ad360c54f96b2c1186e499b8452,"中山區民權東路二段41號2樓 (亞都麗緻大飯店), Taipei, 10470, 臺灣"
321,澀,1,FALSE,FALSE,臺灣,台中,$$$,時尚臺灣菜,undefined,https://axwwgrkdco.cloudimg.io/v7/__gmpics__/60118ad4e8f943fd9d47b41aeb2a2445,"中區中山路29號3樓, Taichung, 臺灣"
136,山海樓,1,TRUE,FALSE,臺灣,台北,$$$,臺灣菜,+886223513345,https://axwwgrkdco.cloudimg.io/v7/__gmpics__/4fddd96e8c0247bc8e0a2c55a2886ee3,"中正區仁愛路二段94號, Taipei, 100, 臺灣"
4,貳哥食堂,0,FALSE,TRUE,臺灣,高雄,$$,臺灣菜,+88675541123,https://axwwgrkdco.cloudimg.io/v7/__gmpics__/720fb04a195e4d56ac18b374508ccf50,"鼓山區青海路145號, Kaohsiung, 臺灣"
6,西羅殿牛肉湯,0,FALSE,TRUE,臺灣,台南,$,小吃,+88662294056,https://axwwgrkdco.cloudimg.io/v7/__gmpics__/5e9d8315005b44a3b544ff7d20a67f32,"北區公園南路98號, Tainan, 臺灣"
8,侯記鴨肉飯,0,FALSE,TRUE,臺灣,高雄,$,小吃,+88672827588,https://axwwgrkdco.cloudimg.io/v7/__gmpics__/71b74bfb6dd54b8e9def02e0158ed16a,"三民區自強一路201號, Kaohsiung, 臺灣"
9,老爺美食館 (鳳山),0,FALSE,TRUE,臺灣,高雄,$,小吃,+88677658430,https://axwwgrkdco.cloudimg.io/v7/__gmpics__/42c30087da574b1493d2dede46603f09,"鳳山區海洋一路54-56號, Kaohsiung, 臺灣"
10,夜間部爌肉飯,0,FALSE,TRUE,臺灣,台中,$,小吃,+886423200735,https://axwwgrkdco.cloudimg.io/v7/__gmpics__/ed4badb1e5ec41bd8915966e7db88fa4,"西區精誠路109號, Taichung, 臺灣"
11,前金肉燥飯,0,FALSE,TRUE,臺灣,高雄,$,小吃,+88672727263,https://axwwgrkdco.cloudimg.io/v7/__gmpics__/a57525bedd794e22bbc5547637c0f91c,"前金區大同二路26號, Kaohsiung, 臺灣"
14,黑琵食堂,0,FALSE,TRUE,臺灣,台南,$$,海鮮,+88667880171,https://axwwgrkdco.cloudimg.io/v7/__gmpics__/a9a068724dc7494da88708fbeacae4d2,"七股區十份里海埔17之18號, Tainan, 臺灣"
15,鳳記鵝肉老店,0,FALSE,TRUE,臺灣,台中,$$,臺灣菜,+886426314040,https://axwwgrkdco.cloudimg.io/v7/__gmpics__/7bc1ea428a1a42238c41953e93033cd5,"沙鹿區屏西路170號, Taichung, 臺灣"
21,阿星鹹粥,0,FALSE,TRUE,臺灣,台南,$,粥品,+88662200941,https://axwwgrkdco.cloudimg.io/v7/__gmpics__/3eac8ec09c62476cb6890038e97bf96d,"中西區民族路三段289號, Tainan, 臺灣"
22,府城食府 (安平),0,FALSE,TRUE,臺灣,台南,$$,臺灣菜,+88662951000,https://axwwgrkdco.cloudimg.io/v7/__gmpics__/c7a9ec25b07c45bfa7dd6d629d8d9000,"安平區華平路152號, Tainan, 臺灣"
25,三好一公道當歸鴨,0,FALSE,TRUE,臺灣,台南,$,小吃,+88662206858,https://axwwgrkdco.cloudimg.io/v7/__gmpics__/a766d15a9295435b8327366416340d35,"中西區府前路一段2號, Tainan, 臺灣"
29,博仁堂,0,FALSE,TRUE,臺灣,台南,$,臺灣菜,+88662226473,https://axwwgrkdco.cloudimg.io/v7/__gmpics__/2722e32eae5e4d6d892df8f275dec9aa,"中西區西門路二段300巷27號, Tainan, 臺灣"
31,雞伯,0,FALSE,TRUE,臺灣,高雄,$$,臺灣菜,+88672852222,https://axwwgrkdco.cloudimg.io/v7/__gmpics__/7002508c801841ac9b7d74027bf74dca,"新興區八德二路76之1號, Kaohsiung, 臺灣"
32,元味料理,0,FALSE,TRUE,臺灣,台北,$$,臺灣菜,+886225590721,https://axwwgrkdco.cloudimg.io/v7/__gmpics__/e639151a06af43acb772111f5984da1a,"大同區華陰街227巷2號, Taipei, 臺灣"
33,阿興虱目魚,0,FALSE,TRUE,臺灣,台南,$,小吃,+88663504623,https://axwwgrkdco.cloudimg.io/v7/__gmpics__/8f8d4a84b9384cc796e78f671984d05a,"北區文賢路252號, Tainan, 臺灣"
34,尚好吃牛肉湯,0,FALSE,TRUE,臺灣,台南,$,小吃,+88662812794,https://axwwgrkdco.cloudimg.io/v7/__gmpics__/6259286d16f74f22931f0358ac82cffd,"北區北安路一段6號, Tainan, 臺灣"
36,開元紅燒土魠魚羮,0,FALSE,TRUE,臺灣,台南,$,小吃,+88662373195,https://axwwgrkdco.cloudimg.io/v7/__gmpics__/0dc3a25e2dfb45579e87a64a19260a88,"北區開元路307號, Tainan, 臺灣"
37,一味品,0,FALSE,TRUE,臺灣,台南,$,小吃,+88662288563,https://axwwgrkdco.cloudimg.io/v7/__gmpics__/e663e822365c43589e8925a7eb6125aa,"中西區國華街三段177-179號 (永樂市場攤號111及112), Tainan, 臺灣"
39,阿明豬心冬粉 (保安路),0,FALSE,TRUE,臺灣,台南,$,小吃,+88662233741,https://axwwgrkdco.cloudimg.io/v7/__gmpics__/052d971aa204469292fbe004b38ab12f,"中西區保安路72號, Tainan, 臺灣"
40,北港蔡三代筒仔米糕 (鹽埕),0,FALSE,TRUE,臺灣,高雄,$,小吃,+88675517443,https://axwwgrkdco.cloudimg.io/v7/__gmpics__/4dfcb80ba29a47e2bac06fa582167698,"鹽埕區河西路166號, Kaohsiung, 臺灣"
50,茂園,0,FALSE,TRUE,臺灣,台北,$$,臺灣菜,+886227528587,https://axwwgrkdco.cloudimg.io/v7/__gmpics__/8a626d9ef87e43f593042a87324722e5,"中山區長安東路二段185號, Taipei, 104, 臺灣"
52,人和園,0,FALSE,TRUE,臺灣,台北,$$,滇菜,+886225364459,https://axwwgrkdco.cloudimg.io/v7/__gmpics__/d7973f197a6a46978c0d671400095957,"中山區中山北路二段112號2樓, Taipei, 臺灣"
55,雲來坊,0,FALSE,TRUE,臺灣,高雄,$$,臺灣菜,+88675373525,https://axwwgrkdco.cloudimg.io/v7/__gmpics__/3f0508d3f5ad4e68b9ea85d668ab58b3,"苓雅區中山二路463號, Kaohsiung, 臺灣"
57,葉家小卷米粉,0,FALSE,TRUE,臺灣,台南,$,小吃,+88662226142,https://axwwgrkdco.cloudimg.io/v7/__gmpics__/81fea1a468484a4b8678b46477f7b725,"中西區國華街二段142號, Tainan, 臺灣"
59,王氏魚皮,0,FALSE,TRUE,臺灣,台南,$,小吃,+88662288095,https://axwwgrkdco.cloudimg.io/v7/__gmpics__/416f6a528a2e4b0d8bbdef34e6dfd7d5,"安平區安平路612號, Tainan, 臺灣"
60,弘記肉燥飯舖,0,FALSE,TRUE,臺灣,高雄,$,小吃,+88675583777,https://axwwgrkdco.cloudimg.io/v7/__gmpics__/8f4fc00caead4af184f1b95152d8bb28,"左營區立文路96號, Kaohsiung, 臺灣"
66,杭州小籠湯包 (大安),0,FALSE,TRUE,臺灣,台北,$$,點心,+886223931757,https://axwwgrkdco.cloudimg.io/v7/__gmpics__/1858848aa48e49c584fb804c4ca53c98,"大安區杭州南路二段17及19號, Taipei, 106, 臺灣"
69,醉楓園小館,0,FALSE,TRUE,臺灣,台北,$$,粵菜,+886225779528,https://axwwgrkdco.cloudimg.io/v7/__gmpics__/bd081faff0234a4d8aa85db389c49764,"松山區八德路三段8巷5號, Taipei, 105, 臺灣"
73,七股養蚵園家,0,FALSE,TRUE,臺灣,台南,$,小吃,+886981563520,https://axwwgrkdco.cloudimg.io/v7/__gmpics__/5fec25abab224f6f9c824cd2fd6f2e32,"仁德區中清路96號, Tainan, 臺灣"
74,沙卡,0,FALSE,TRUE,臺灣,台中,$$,臺灣菜,+886425665925,https://axwwgrkdco.cloudimg.io/v7/__gmpics__/51ce70b940214b7b9bfec1696a417188,"大雅區中山路大同巷9弄7號, Taichung, 臺灣"
76,阿文米粿,0,FALSE,TRUE,臺灣,台南,$,小吃,+886906884704,https://axwwgrkdco.cloudimg.io/v7/__gmpics__/a6d964236b4b4df2a1a4e3585c7cfd71,"中西區保安路74號, Tainan, 臺灣"
77,老士官擀麵,0,FALSE,TRUE,臺灣,台中,$,麵食,+886426238730,https://axwwgrkdco.cloudimg.io/v7/__gmpics__/0bbe428cef104389a26ca072e3997e5d,"清水區鎮南街81之12號, Taichung, 臺灣"
79,好農家米糕,0,FALSE,TRUE,臺灣,台南,$,小吃,+88662217181,https://axwwgrkdco.cloudimg.io/v7/__gmpics__/104906aa8acb497abc0776563c65b0a8,"南區健康路二段66號, Tainan, 臺灣"
81,小酌之家,0,FALSE,TRUE,臺灣,台北,$$,臺灣菜,+886225988067,https://axwwgrkdco.cloudimg.io/v7/__gmpics__/41f331871e494977b7ac25ebda40685b,"中山區吉林路420號, Taipei, 臺灣"
82,吃麵吧,0,FALSE,TRUE,臺灣,台南,$$,麵食,+88662231665,https://axwwgrkdco.cloudimg.io/v7/__gmpics__/e5a7fd287e88405b950c257811219058,"中西區保安路159之1號, Tainan, 臺灣"
85,米院子油飯,0,FALSE,TRUE,臺灣,高雄,$,小吃,+88672226699,https://axwwgrkdco.cloudimg.io/v7/__gmpics__/517a87e93a534c0cbc961bef26fb8a8e,"新興區南海街30號, Kaohsiung, 臺灣"
86,阿香的廚房,0,FALSE,TRUE,臺灣,高雄,$$,臺灣菜,+88676817212,https://axwwgrkdco.cloudimg.io/v7/__gmpics__/cf9cdb76ed39473d8321adca135c829d,"美濃區中山路二段635號, Kaohsiung, 臺灣"
87,季風,0,FALSE,TRUE,臺灣,台北,$$,素食,+886921991423,https://axwwgrkdco.cloudimg.io/v7/__gmpics__/4b2a92a77a2d4e69b4f642bc91f68271,"士林區文林路126號3樓, Taipei, 臺灣"
95,越南你好,0,FALSE,TRUE,臺灣,台中,$,越南菜,+886422211595,https://axwwgrkdco.cloudimg.io/v7/__gmpics__/a44f44141f494e7e9c5dd85c4fdb74a3,"中區成功路92號, Taichung, 臺灣"
96,橋邊鵝肉,0,FALSE,TRUE,臺灣,高雄,$$,臺灣菜,+88673731468,https://axwwgrkdco.cloudimg.io/v7/__gmpics__/e7fa40c71d514572ad4d0e7e9f0b471e,"仁武區仁雄路39之6號, Kaohsiung, 臺灣"
97,阿國滷味,0,FALSE,TRUE,臺灣,台北,$,街頭小吃,+886289818517,https://axwwgrkdco.cloudimg.io/v7/__gmpics__/ca76b25e39344800951c165aef2f8afe,"松山區饒河街226號 (饒河街夜市), Taipei, 臺灣"
99,無名推車燒餅,0,FALSE,TRUE,臺灣,台北,$,街頭小吃,None,https://axwwgrkdco.cloudimg.io/v7/__gmpics__/f95d395e80e24f03afd63c23debc04f8,"中正區中華路二段311巷74號攤 (南機場夜市), Taipei, 臺灣"
103,好朋友涼麵,0,FALSE,TRUE,臺灣,台北,$,街頭小吃,None,https://axwwgrkdco.cloudimg.io/v7/__gmpics__/8de7b259203046caa4707ebfb18936f4,"士林區大南路31號 (士林夜市), Taipei, 臺灣"
107,橋仔頭黃家肉燥飯 (橋頭),0,FALSE,TRUE,臺灣,高雄,$,小吃,+88676123253,https://axwwgrkdco.cloudimg.io/v7/__gmpics__/1d10e4018ca4415595e9670f7abe353f,"橋頭區橋南路106號, Kaohsiung, 臺灣"
108,永通虱目魚粥,0,FALSE,TRUE,臺灣,台南,$,小吃,+88667839308,https://axwwgrkdco.cloudimg.io/v7/__gmpics__/cdf22cd5300444e9a7f9f77c7ac4e7a4,"學甲區民權路60號, Tainan, 臺灣"
109,柏弘肉燥,0,FALSE,TRUE,臺灣,高雄,$,臺灣菜,+88673322516,https://axwwgrkdco.cloudimg.io/v7/__gmpics__/c344ebffd9dd4da1bb63da23aa95e7a2,"苓雅區青年一路167之2號, Kaohsiung, 臺灣"
110,筑馨居,0,FALSE,TRUE,臺灣,台南,$$,臺灣菜,+88662218890,https://axwwgrkdco.cloudimg.io/v7/__gmpics__/d5aa14ea18ff49beae46d6c35c57eb3f,"中西區信義街69號, Tainan, 臺灣"
112,開元路無名虱目魚,0,FALSE,TRUE,臺灣,台南,$,小吃,+88662373556,https://axwwgrkdco.cloudimg.io/v7/__gmpics__/1dcc7b21a2b543c6b15e7e5d0c43d734,"北區開元路313號, Tainan, 臺灣"
113,福泰飯桌第三代,0,FALSE,TRUE,臺灣,台南,$,小吃,+88662218608,https://axwwgrkdco.cloudimg.io/v7/__gmpics__/9c99936164c84965ad3e1a6d5719c7a4,"中西區民族路二段219號, Tainan, 臺灣"
114,無名羊肉湯,0,FALSE,TRUE,臺灣,台南,$,小吃,+886934130019,https://axwwgrkdco.cloudimg.io/v7/__gmpics__/e3f3e94927c8495d99173b212ac799a2,"中西區府前路二段144號, Tainan, 臺灣"
115,小公園擔仔麵,0,FALSE,TRUE,臺灣,台南,$,麵食,+88662265495,https://axwwgrkdco.cloudimg.io/v7/__gmpics__/f2037ce5260b4b59886f3d302fcf7428,"中西區西門路二段321號, Tainan, 臺灣"
120,落成米糕,0,FALSE,TRUE,臺灣,台南,$,小吃,+88662280874,https://axwwgrkdco.cloudimg.io/v7/__gmpics__/657e5d8b92324d36a966d1d6c39ab634,"中西區民族路二段241號, Tainan, 臺灣"
122,下大道蘭米糕,0,FALSE,TRUE,臺灣,台南,$,小吃,+88662210076,https://axwwgrkdco.cloudimg.io/v7/__gmpics__/69d2677d7cfa4751bde21481b80e53c2,"中西區康樂街6號, Tainan, 臺灣"
124,榮榮園,0,FALSE,TRUE,臺灣,台北,$$,浙江菜,+886227038822,https://axwwgrkdco.cloudimg.io/v7/__gmpics__/116c908786d74b8a8319ceabddd681d1,"大安區信義路四段25號, Taipei, 106, 臺灣"
127,大橋頭老牌筒仔米糕,0,FALSE,TRUE,臺灣,台北,$,小吃,+886225944685,https://axwwgrkdco.cloudimg.io/v7/__gmpics__/84c9b59448a0437b9119f521a29f52f1,"大同區延平北路三段41號, Taipei, 臺灣"
128,高麗菜飯 原汁排骨湯,0,FALSE,TRUE,臺灣,台北,$,街頭小吃,營業時間,https://axwwgrkdco.cloudimg.io/v7/__gmpics__/11f115ceb3fb4500bdab443c3294e1c5,"大同區延平北路三段17巷2號 (延三夜市), Taipei, 臺灣"
132,都一處 (信義),0,FALSE,TRUE,臺灣,台北,$$,京菜,+886227206417,https://axwwgrkdco.cloudimg.io/v7/__gmpics__/3a8980228be045289da2602a6ce061bc,"信義區仁愛路四段506號, Taipei, 110, 臺灣"
133,沁園春 (中區),0,FALSE,TRUE,臺灣,台中,$$,江浙菜,+886422200735,https://axwwgrkdco.cloudimg.io/v7/__gmpics__/139f17c2fd91406f80f5e4866e83465c,"中區臺灣大道一段129號, Taichung, 400, 臺灣"
137,小初店,0,FALSE,TRUE,臺灣,台中,$,小吃,+886423100700,https://axwwgrkdco.cloudimg.io/v7/__gmpics__/58341598260540afa777d67808d5c728,"南屯區大業路243號, Taichung, 臺灣"
141,東香台菜海味料理,0,FALSE,TRUE,臺灣,台南,$$,臺灣菜,+88662573888,https://axwwgrkdco.cloudimg.io/v7/__gmpics__/86cb3031311a4ee49a3ea1cec1e0bae4,"安南區安中路六段217號, Tainan, 臺灣"
144,泰元,0,FALSE,TRUE,臺灣,高雄,$,泰國菜,+88672210662,https://axwwgrkdco.cloudimg.io/v7/__gmpics__/1cb16ff13fe44560a8e5a997a5ba6e76,"苓雅區苓雅二路53號, Kaohsiung, 臺灣"
145,舊市羊肉 (岡山),0,FALSE,TRUE,臺灣,高雄,$$,臺灣菜,+88676258151,https://axwwgrkdco.cloudimg.io/v7/__gmpics__/fa856a2204484d298b7eb09e1d3fbadc,"岡山區河華路111號, Kaohsiung, 820, 臺灣"
148,阿城鵝肉 (中山),0,FALSE,TRUE,臺灣,台北,$$,臺灣菜,+886225415238,https://axwwgrkdco.cloudimg.io/v7/__gmpics__/7a4d225f20eb4e62966db100d34a4cc3,"中山區吉林路105號, Taipei, 104, 臺灣"
149,彭家園,0,FALSE,TRUE,臺灣,台北,$$,粵菜,+886227045152,https://axwwgrkdco.cloudimg.io/v7/__gmpics__/dca0cc059ed54a08b1465ce348c74ed3,"大安區東豐街60號, Taipei, 106, 臺灣"
150,鼎泰豐 (信義路),0,FALSE,TRUE,臺灣,台北,$$,滬菜,+886223952395,https://axwwgrkdco.cloudimg.io/v7/__gmpics__/3b01b534b0f14647872c8075b16de358,"大安區信義路二段277號, Taipei, 110, 臺灣"
151,雞家莊 (長春路),0,FALSE,TRUE,臺灣,台北,$$,臺灣菜,+886225815954,https://axwwgrkdco.cloudimg.io/v7/__gmpics__/9cc55305e52f410cb94b7030e1c76017,"中山區長春路55號, Taipei, 104, 臺灣"
152,老山東牛肉家常麵店,0,FALSE,TRUE,臺灣,台北,$,麵食,+886223891216,https://axwwgrkdco.cloudimg.io/v7/__gmpics__/c43539349bce46bfac673d42c884c2be,"萬華區西寧南路70號B1之15室 (萬年商業大樓), Taipei, 108, 臺灣"
153,鍾家原上海生煎包,0,FALSE,TRUE,臺灣,台北,$,街頭小吃,+886288612713,https://axwwgrkdco.cloudimg.io/v7/__gmpics__/49380a39d12b42b5a12a7df9f6eff45c,"士林區小東街38號 (士林夜市), Taipei, 臺灣"
157,牛稼莊,0,FALSE,TRUE,臺灣,台中,$$,客家菜,+886425873488,https://axwwgrkdco.cloudimg.io/v7/__gmpics__/2174bea5873240978b708470c54654fb,"東勢區新豐街19號, Taichung, 臺灣"
159,可口牛肉麵,0,FALSE,TRUE,臺灣,台中,$,麵食,+886423299789,https://axwwgrkdco.cloudimg.io/v7/__gmpics__/e1d96dfdd03b43409baa3cb52f16e1fc,"西屯區大墩路911號, Taichung, 臺灣"
161,羅家古早味,0,FALSE,TRUE,臺灣,台中,$,臺灣菜,+886423861557,https://axwwgrkdco.cloudimg.io/v7/__gmpics__/70bde4eac227477880c608c8074cde84,"南屯區向上路三段65號, Taichung, 臺灣"
166,台中肉員,0,FALSE,TRUE,臺灣,台中,$,小吃,+886422207138,https://axwwgrkdco.cloudimg.io/v7/__gmpics__/0c52179038974f3298f53338b80c1465,"南區復興路三段529號, Taichung, 402, 臺灣"
167,好菜,0,FALSE,TRUE,臺灣,台中,$$,亞洲菜,+886423052933,https://axwwgrkdco.cloudimg.io/v7/__gmpics__/80c60c937f404d3a801db2760375c2b1,"西區模範街24巷1號, Taichung, 臺灣"
170,Apis Grill,0,FALSE,TRUE,臺灣,高雄,$$,燒烤,+886975079591,https://axwwgrkdco.cloudimg.io/v7/__gmpics__/717cbabf70824a4dbf65acf2ff20e6e9,"三民區褒揚東街80號, Kaohsiung, 臺灣"
171,誠實鍋燒意麵,0,FALSE,TRUE,臺灣,台南,$,麵食,+886968617018,https://axwwgrkdco.cloudimg.io/v7/__gmpics__/d30e4f78e0a34ce28c0c59f939b88498,"中西區西門路一段702巷12號, Tainan, 臺灣"
172,黃家蝦捲,0,FALSE,TRUE,臺灣,台南,$,小吃,+88663506209,https://axwwgrkdco.cloudimg.io/v7/__gmpics__/cc214fead78e4b97a797882b10bea799,"中西區西和路268號, Tainan, 臺灣"
173,謝掌櫃,0,FALSE,TRUE,臺灣,台南,$$,小吃,None,https://axwwgrkdco.cloudimg.io/v7/__gmpics__/69b4f877639a404aa3f92c9dd15ced5c,"安平區運河路23巷5號, Tainan, 臺灣"
174,昭明海產家庭料理,0,FALSE,TRUE,臺灣,高雄,$$,臺灣菜,+88672412550,https://axwwgrkdco.cloudimg.io/v7/__gmpics__/8a6d3c0d3ac14ac38859a99057da09fe,"前金區自強一路53號, Kaohsiung, 臺灣"
175,廖記米糕,0,FALSE,TRUE,臺灣,高雄,$,小吃,+88676128319,https://axwwgrkdco.cloudimg.io/v7/__gmpics__/f18292f2bfa24462983fb44fd00cf85c,"橋頭區橋南路119號, Kaohsiung, 臺灣"
176,好先生,0,FALSE,TRUE,臺灣,台中,$,臺灣菜,None,https://axwwgrkdco.cloudimg.io/v7/__gmpics__/fb65939ea52e4d829cb3d50fd201e226,"西區五廊街29之8號, Taichung, 臺灣"
177,HUGH dessert dining,0,FALSE,TRUE,臺灣,台北,$$,時尚法國菜,+886225980223,https://axwwgrkdco.cloudimg.io/v7/__gmpics__/41c3eb5f8a9d413d8759f9973dcfd14e,"大同區重慶北路3段136巷56號, Taipei, 臺灣"
180,鮮蒸蝦仁肉圓,0,FALSE,TRUE,臺灣,台南,$,小吃,+88662364561,https://axwwgrkdco.cloudimg.io/v7/__gmpics__/aee02607d72d43b0a3028f927386689f,"東區裕農路609號, Tainan, 臺灣"
181,八寶彬圓仔惠 (國華街),0,FALSE,TRUE,臺灣,台南,$,小吃,+88662263432,https://axwwgrkdco.cloudimg.io/v7/__gmpics__/c367846b71234e468ca1b93624530d46,"中西區國華街二段99號, Tainan, 臺灣"
184,湖東牛肉館,0,FALSE,TRUE,臺灣,高雄,$$,臺灣菜,+88676930466,https://axwwgrkdco.cloudimg.io/v7/__gmpics__/6aaa699576b74b9cae61f42107071e94,"湖內區中山路一段107號, Kaohsiung, 臺灣"
185,阿美飯店,0,FALSE,TRUE,臺灣,台南,$$,臺灣菜,+88662222848,https://axwwgrkdco.cloudimg.io/v7/__gmpics__/08473715b59946218eaf3c4eb4d1bb39,"中西區民權路二段98號, Tainan, 臺灣"
186,保安路米糕,0,FALSE,TRUE,臺灣,台南,$,小吃,+88662248112,https://axwwgrkdco.cloudimg.io/v7/__gmpics__/53668c2d0a814a37aa5f6d7ed55e17c8,"中西區保安路16號, Tainan, 臺灣"
189,清真中國牛肉麵食館 (大安),0,FALSE,TRUE,臺灣,台北,$,麵食,+886227214771,https://axwwgrkdco.cloudimg.io/v7/__gmpics__/d091af802d454834aa9169bf5291eda8,"大安區延吉街137巷7弄1號, Taipei, 106, 臺灣"
191,女娘的店,0,FALSE,TRUE,臺灣,台北,$$,臺灣菜,+886228741981,https://axwwgrkdco.cloudimg.io/v7/__gmpics__/f7e5f45da74146eeaf214e08a4c6a8af,"士林區天母東路97號, Taipei, 111, 臺灣"
193,賣麵炎仔,0,FALSE,TRUE,臺灣,台北,$,麵食,+886225577087,https://axwwgrkdco.cloudimg.io/v7/__gmpics__/8befec3e09604249bebc175e1604db0a,"大同區安西街106號, Taipei, 103, 臺灣"
194,小王煮瓜,0,FALSE,TRUE,臺灣,台北,$,街頭小吃,+886223707118,https://axwwgrkdco.cloudimg.io/v7/__gmpics__/b8177033237d4a5b903e6ee821c40f76,"萬華區華西街17之4號153號攤 (華西街夜市), Taipei, 臺灣"
196,雙月食品 (青島東路),0,FALSE,TRUE,臺灣,台北,$$,臺灣菜,+886233938953,https://axwwgrkdco.cloudimg.io/v7/__gmpics__/305c333b146c49589e4d55fd99f9a6fc,"中正區青島東路6之2號, Taipei, 100, 臺灣"
198,施家鮮肉湯圓,0,FALSE,TRUE,臺灣,台北,$,小吃,+886225857655,https://axwwgrkdco.cloudimg.io/v7/__gmpics__/882765a6b1ee4fe4858f95d46708ebaf,"大同區延平北路三段58號, Taipei, 臺灣"
199,富鼎旺 (中區),0,FALSE,TRUE,臺灣,台中,$,臺灣菜,+886422253188,https://axwwgrkdco.cloudimg.io/v7/__gmpics__/cb003c9d99d04b2caa017834c910b541,"中區臺灣大道一段560號, Taichung, 400, 臺灣"
201,番紅花印度美饌,0,FALSE,TRUE,臺灣,台北,$$,印度菜,+886228714842,https://axwwgrkdco.cloudimg.io/v7/__gmpics__/1776945fe46144f9b023f56ec6fcb6e2,"士林區天母東路38之6號, Taipei, 111, 臺灣"
206,竹之鄉,0,FALSE,TRUE,臺灣,台中,$$,臺灣菜,+886422394324,https://axwwgrkdco.cloudimg.io/v7/__gmpics__/d54643fdafd04a45b0493dd62382209c,"北屯區東山路二段1號, Taichung, 臺灣"
210,老新台菜 (九如二路),0,FALSE,TRUE,臺灣,高雄,$$,臺灣菜,+88673133077,https://axwwgrkdco.cloudimg.io/v7/__gmpics__/93a8ff0f03ba4f208cce14ba8a6b06e3,"三民區九如二路227號, Kaohsiung, 臺灣"
211,正宗鴨肉飯,0,FALSE,TRUE,臺灣,高雄,$,小吃,+88675566428,https://axwwgrkdco.cloudimg.io/v7/__gmpics__/458dab86fca04596aca255d67b2842f7,"左營區裕誠路245號, Kaohsiung, 臺灣"
214,牛老大涮牛肉 (自強二路),0,FALSE,TRUE,臺灣,高雄,$$,臺灣菜,+88672819196,https://axwwgrkdco.cloudimg.io/v7/__gmpics__/460a8b05c38e499581f2bfe4fa7fe456,"前金區自強二路18號, Kaohsiung, 臺灣"
215,鄭家切仔麵,0,FALSE,TRUE,臺灣,高雄,$,麵食,+88675610706,https://axwwgrkdco.cloudimg.io/v7/__gmpics__/aca8c6d147a44197831e74ec01ec4fab,"鹽埕區新樂街201巷5號, Kaohsiung, 803, 臺灣"
216,大勇街無名鹹粥,0,FALSE,TRUE,臺灣,台南,$,粥品,+88662267028,https://axwwgrkdco.cloudimg.io/v7/__gmpics__/449765bcc6494777bb74f9a4af1c8a7d,"中西區大勇街85號, Tainan, 臺灣"
220,楊寶寶蒸餃 (朝明路),0,FALSE,TRUE,臺灣,高雄,$,餃子,+88673516600,https://axwwgrkdco.cloudimg.io/v7/__gmpics__/df3273ba98364e9fa209eeb08d13d18b,"楠梓區朝明路106號, Kaohsiung, 814, 臺灣"
225,祥和蔬食 (中正),0,FALSE,TRUE,臺灣,台北,$$,素食,+886223570377,https://axwwgrkdco.cloudimg.io/v7/__gmpics__/c8babc920aa04a508ad4328345ed9807,"中正區鎮江街1巷1號, Taipei, 100, 臺灣"
229,好公道金雞園 (大安),0,FALSE,TRUE,臺灣,台北,$,滬菜,+886223416980,https://axwwgrkdco.cloudimg.io/v7/__gmpics__/dc2110a4035d44f084b06e8c2575c7a1,"大安區永康街28之1號, Taipei, 106, 臺灣"
233,松竹園,0,FALSE,TRUE,臺灣,台北,$$,臺灣菜,+886228616261,https://axwwgrkdco.cloudimg.io/v7/__gmpics__/86214d312e5648d0a1c9c23d7f7a729d,"士林區永公路546號, Taipei, 臺灣"
236,磐石坊,0,FALSE,TRUE,臺灣,台北,$$,印尼菜,+886227325048,https://axwwgrkdco.cloudimg.io/v7/__gmpics__/82e19e83facb4f148b27718f1e473871,"大安區樂利路15號, Taipei, 臺灣"
237,雄記蔥抓餅,0,FALSE,TRUE,臺灣,台北,$,街頭小吃,營業時間,https://axwwgrkdco.cloudimg.io/v7/__gmpics__/ba8c07bfb9d14dfeb52fa00003031186,"中正區羅斯福路四段108巷2號 (公館夜市), Taipei, 臺灣"
238,咕嚕咕嚕原住民音樂餐廳,0,FALSE,TRUE,臺灣,台中,$$,臺灣菜,+886423783128,https://axwwgrkdco.cloudimg.io/v7/__gmpics__/e6d3bc71f25347ec9ac527e3e6198fc5,"西區五權西四街13巷2號, Taichung, 臺灣"
240,木公麥面,0,FALSE,TRUE,臺灣,台中,$,麵食,+886423607737,https://axwwgrkdco.cloudimg.io/v7/__gmpics__/892b788d94de43708f072687d700adbb,"東區富貴街37號, Taichung, 臺灣"
245,龍舫牛肉麵疙瘩,0,FALSE,TRUE,臺灣,高雄,$,麵食,+88673365330,https://axwwgrkdco.cloudimg.io/v7/__gmpics__/d8a996d627d44f4b9b083db4dc3fb4dc,"前鎮區文橫三路170號, Kaohsiung, 臺灣"
250,泰姬,0,FALSE,TRUE,臺灣,台北,$$,印度菜,+886287730175,https://axwwgrkdco.cloudimg.io/v7/__gmpics__/6222a8e0926c44a7a0907635d6b5c401,"大安區市民大道四段48巷1號, Taipei, 106, 臺灣"
251,昶鴻麵點,0,FALSE,TRUE,臺灣,台北,$,麵食,營業時間,https://axwwgrkdco.cloudimg.io/v7/__gmpics__/d1e9cfc008274fe5bb2c1bd2d8fe2a94,"萬華區華西街15號171號攤 (華西街夜市), Taipei, 108, 臺灣"
255,台客燒肉粥,0,FALSE,TRUE,臺灣,台中,$$,粥品,+886423890880,https://axwwgrkdco.cloudimg.io/v7/__gmpics__/0de336ebb61e421a9fb286336e703b13,"南屯區五權西路二段722之1號, Taichung, 408, 臺灣"
257,范記金之園 (中區),0,FALSE,TRUE,臺灣,台中,$,臺灣菜,+886422207388,https://axwwgrkdco.cloudimg.io/v7/__gmpics__/6d1e1e0f777444a6849400dbde89234d,"中區成功路170號, Taichung, 400, 臺灣"
258,滬舍餘味,0,FALSE,TRUE,臺灣,台中,$,點心,+886422586111,https://axwwgrkdco.cloudimg.io/v7/__gmpics__/c9d829b9a3d4479a875e1ffcb30ade44,"南屯區公益路二段537號, Taichung, 408, 臺灣"
259,馨苑 (西區),0,FALSE,TRUE,臺灣,台中,$$,臺灣菜,+886423029989,https://axwwgrkdco.cloudimg.io/v7/__gmpics__/631238bee57a437eb876bed86aacc93c,"西區民生北路106號, Taichung, 403, 臺灣"
262,金賞軒,0,FALSE,TRUE,臺灣,台北,$$,臺灣菜,+886287706086,https://axwwgrkdco.cloudimg.io/v7/__gmpics__/7025c3f8f2da461c931920ff137047eb,"松山區敦化北路155巷111號, Taipei, 臺灣"
263,巷子龍家常菜,0,FALSE,TRUE,臺灣,台北,$$,湘菜,+886223254566,https://axwwgrkdco.cloudimg.io/v7/__gmpics__/29cc6d65013c436b9a26850b9d5d8198,"大安區四維路25號, Taipei, 臺灣"
266,鮮魚鱻,0,FALSE,TRUE,臺灣,台中,$,小吃,+886422351186,https://axwwgrkdco.cloudimg.io/v7/__gmpics__/f88f953352e3422b819019aee2e30632,"北區北屯路75號, Taichung, 臺灣"
267,隱食家,0,FALSE,TRUE,臺灣,台北,$$,臺灣菜,+886225958055,https://axwwgrkdco.cloudimg.io/v7/__gmpics__/1415c8e9a4ef433aa809bcc6ecf2421e,"中山區雙城街28巷8號, Taipei, 臺灣"
272,醉月樓,0,FALSE,TRUE,臺灣,台中,$$,臺灣菜,+886422271926,https://axwwgrkdco.cloudimg.io/v7/__gmpics__/c499ac79c8b84a38827ac19a33069aad,"中區中山路20號2樓 (宮原眼科), Taichung, 臺灣"
274,菜粽李,0,FALSE,TRUE,臺灣,高雄,$,小吃,+88673313086,https://axwwgrkdco.cloudimg.io/v7/__gmpics__/60f273eaf57e4da59504cfab79d77aa5,"苓雅區成功一路159號, Kaohsiung, 臺灣"
275,曙光居,0,FALSE,TRUE,臺灣,台中,$,素食,+886423292322,https://axwwgrkdco.cloudimg.io/v7/__gmpics__/2603de10f9b843478fe52e39b82654d8,"西屯區大墩18街104號, Taichung, 臺灣"
277,仙香飲食店,0,FALSE,TRUE,臺灣,高雄,$$,臺灣菜,+88676751142,https://axwwgrkdco.cloudimg.io/v7/__gmpics__/1649a9d565b64711beb5e3a7b5aab43f,"甲仙區文化路75之1號, Kaohsiung, 臺灣"
279,MINIMAL,0,FALSE,TRUE,臺灣,台中,$$,現代菜,+886423219080,https://axwwgrkdco.cloudimg.io/v7/__gmpics__/f1cdb6b9d1c34b69abf46cf76f130896,"西區美村路一段133巷16號, Taichung, 臺灣"
283,欣葉小聚 (南港),0,FALSE,TRUE,臺灣,台北,$$,臺灣菜,+886227851819,https://axwwgrkdco.cloudimg.io/v7/__gmpics__/a95b4a4753ab42579fb253ab1df788eb,"南港區經貿二路166號 (中國信託金融園區A棟), Taipei, 115, 臺灣"
284,天下三絕,0,FALSE,TRUE,臺灣,台北,$$,麵食,+886227416299,https://axwwgrkdco.cloudimg.io/v7/__gmpics__/4cda58656b764d65b14d9a8a0e375d53,"大安區仁愛路四段27巷3號, Taipei, 106, 臺灣"
290,吾旺再季,0,FALSE,TRUE,臺灣,台北,$,街頭小吃,+886930406677,https://axwwgrkdco.cloudimg.io/v7/__gmpics__/f4c030f83ee144f995aacb5bd338599d,"中正區中華路二段313巷29號 (南機場夜市), Taipei, 100, 臺灣"
291,富貴亭,0,FALSE,TRUE,臺灣,台中,$,臺灣菜,+886422273001,https://axwwgrkdco.cloudimg.io/v7/__gmpics__/a801ac96d6e14f09ba5cc768d86bd0db,"中區三民路二段18巷31號, Taichung, 400, 臺灣"
292,富狀元豬腳,0,FALSE,TRUE,臺灣,台中,$,臺灣菜,+886423013588,https://axwwgrkdco.cloudimg.io/v7/__gmpics__/74fefd5621294cd18e4d310f34a6d13b,"西區美村路一段203號, Taichung, 403, 臺灣"
296,京華煙雲,0,FALSE,TRUE,臺灣,台中,$$,京菜,+886423725066,https://axwwgrkdco.cloudimg.io/v7/__gmpics__/073460730a064838bf2437a7ee610fc0,"西區五權七街57號, Taichung, 403, 臺灣"
298,上海未名麵點,0,FALSE,TRUE,臺灣,台中,$,麵食,+886422250377,https://axwwgrkdco.cloudimg.io/v7/__gmpics__/cb2545f6bc4a4a579c5e6070f2889601,"中區市府路69號, Taichung, 400, 臺灣"
300,一甲子餐飲,0,FALSE,TRUE,臺灣,台北,$,小吃,+886223115241,https://axwwgrkdco.cloudimg.io/v7/__gmpics__/1bb8fc2f0f4b4de8a993ff3efcb9122c,"萬華區康定路79號, Taipei, 108, 臺灣"
303,田媽媽 長盈海味屋,0,FALSE,TRUE,臺灣,台南,$,小吃,+886917549736,https://axwwgrkdco.cloudimg.io/v7/__gmpics__/078d0233a9fd49f5b26bf6772b9fffa5,"北門區三寮灣慈安里484號, Tainan, 727, 臺灣"
307,康樂街牛肉湯,0,FALSE,TRUE,臺灣,台南,$,小吃,+88662270579,https://axwwgrkdco.cloudimg.io/v7/__gmpics__/d2928d78445447aa8c22428e78dbc1e4,"中西區康樂街325號, Tainan, 臺灣"
312,阿國切仔麵,0,FALSE,TRUE,臺灣,台北,$,麵食,+886225310009,https://axwwgrkdco.cloudimg.io/v7/__gmpics__/46f6a14a8b134c7791c00340f2885b4a,"中山區天祥路1號, Taipei, 臺灣"
315,阿坤麵,0,FALSE,TRUE,臺灣,台中,$,麵食,+886955923877,https://axwwgrkdco.cloudimg.io/v7/__gmpics__/d9189c5c6e914207ae87e2fc25ac978e,"中區平等街142號, Taichung, 400, 臺灣"
317,彭城堂,0,FALSE,TRUE,臺灣,台中,$$,臺灣菜,+886423511122,https://axwwgrkdco.cloudimg.io/v7/__gmpics__/5f5892f72b3c432d856ce35356bced74,"太平區宜昌路377號, Taichung, 411, 臺灣"
320,源芳刈包,0,FALSE,TRUE,臺灣,台北,$,街頭小吃,+886223810249,https://axwwgrkdco.cloudimg.io/v7/__gmpics__/57ab0defed67482dbdcd9e3558ba57c1,"萬華區華西街17之2號161號攤 (華西街夜市), Taipei, 108, 臺灣"
111,小小樹食 (大安路),0,TRUE,TRUE,臺灣,台北,$$,素食,+886227782277,https://axwwgrkdco.cloudimg.io/v7/__gmpics__/086dee9a89df4fffaf6752f91c22290f,"信義區松仁路28號4樓 (寶麗廣場), Taipei, 110, 臺灣"
3,Clover,0,FALSE,FALSE,臺灣,台北,$$$$,時尚法國菜,+886287292788,https://axwwgrkdco.cloudimg.io/v7/__gmpics__/debf1a2afed84f57a176fd9046e8a532,"前鎮區林森四路189號26樓 (承億酒店), Kaohsiung, 臺灣"
5,Papillon,0,FALSE,FALSE,臺灣,高雄,$$$,時尚法國菜,+88673318888,https://axwwgrkdco.cloudimg.io/v7/__gmpics__/f6509b15ab22420fb37f121d09d84122,"西屯區文心路二段636號, Taichung, 臺灣"
7,FReNCHIE FReNCHIE,0,FALSE,FALSE,臺灣,台中,$$$,時尚法國菜,+886423107989,https://axwwgrkdco.cloudimg.io/v7/__gmpics__/562b4cbf95fc4d19afa6238133390daa,"北投區幽雅路30號 (北投麗禧溫泉酒店), Taipei, 臺灣"
12,雍翠庭,0,FALSE,FALSE,臺灣,台北,$$$,臺灣菜,+886228988888,https://axwwgrkdco.cloudimg.io/v7/__gmpics__/92404e3cdd83441f9496e515bcdb96d9,"松山區民生東路三段127巷12號, Taipei, 臺灣"
16,Sens,0,FALSE,FALSE,臺灣,台北,$$$$,時尚法國菜,+886227186388,https://axwwgrkdco.cloudimg.io/v7/__gmpics__/113e593aa9764e989ce3b6d82d141c9b,"沙鹿區中山路473之2號, Taichung, 臺灣"
17,梅子,0,FALSE,FALSE,臺灣,台中,$$,海鮮,+886426625365,https://axwwgrkdco.cloudimg.io/v7/__gmpics__/7b3c0f1ab6d5487baf8ddcaa6ab2b6b7,"中西區西門路二段86號, Tainan, 臺灣"
18,沙淘宮廟海產,0,FALSE,FALSE,臺灣,台南,$,臺灣菜,+88662288321,https://axwwgrkdco.cloudimg.io/v7/__gmpics__/fc1d8bb2e3c54c4c923e13a6cbbd193f,"大同區承德路二段1巷31號, Taipei, 臺灣"
23,川畝園,0,FALSE,FALSE,臺灣,台北,$,點心,+886225563800,https://axwwgrkdco.cloudimg.io/v7/__gmpics__/3973ad916d0e4f369992bd831c04dd62,"東區東門路二段161巷1號, Tainan, 臺灣"
24,帝一鐤,0,FALSE,FALSE,臺灣,台南,$$$,海鮮,+88662750011,https://axwwgrkdco.cloudimg.io/v7/__gmpics__/2091a91545ba4dab92933374cee03e77,"中正區湖口街1-2號, Taipei, 臺灣"
27,香色,0,FALSE,FALSE,臺灣,台北,$$$,時尚歐陸菜,+886223581819,https://axwwgrkdco.cloudimg.io/v7/__gmpics__/a03219cccb95478eb2adc84bdd000be2,"楠西區灣丘里1-5號, Tainan, 臺灣"
28,揚梅吐氣,0,FALSE,FALSE,臺灣,台南,$$,臺灣菜,+88665751617,https://axwwgrkdco.cloudimg.io/v7/__gmpics__/62e7fc0c9e314d87bc1fe08bb8a0ddfa,"龍崎區烏樹林34號, Tainan, 臺灣"
30,王家燻羊肉,0,FALSE,FALSE,臺灣,台南,$$,臺灣菜,+88665941393,https://axwwgrkdco.cloudimg.io/v7/__gmpics__/f390f4941d1e42d89c02a3b22cdce969,"安平區建平路577號, Tainan, 臺灣"
35,牛五蔵,0,FALSE,FALSE,臺灣,台南,$$,火鍋,+88662970709,https://axwwgrkdco.cloudimg.io/v7/__gmpics__/0e06de86b8cb412899457a960db2ab9c,"松山區復興北路86號2樓, Taipei, 104, 臺灣"
41,北平陶然亭,0,FALSE,FALSE,臺灣,台北,$$,京菜,+886227787805,https://axwwgrkdco.cloudimg.io/v7/__gmpics__/82859c69827248c28903c53811aedeee,"南屯區大觀路66號, Taichung, 408, 臺灣"
43,銘心,0,FALSE,FALSE,臺灣,台中,$$$$,壽司,+886436090099,https://axwwgrkdco.cloudimg.io/v7/__gmpics__/5f09e14f800a4b6e9a7f77236fef7890,"北投區中和街238號, Taipei, 112, 臺灣"
44,蓬萊,0,FALSE,FALSE,臺灣,台北,$,臺灣菜,+886228912778,https://axwwgrkdco.cloudimg.io/v7/__gmpics__/d21b80813cf741d39945b4b1845b7197,"中山區北安路595巷20弄4號, Taipei, 104, 臺灣"
45,頁小館,0,FALSE,FALSE,臺灣,台北,$$,國際菜,+886225328003,https://axwwgrkdco.cloudimg.io/v7/__gmpics__/87929c987c674a959f2df2a82bc28785,"大安區敦化南路一段324號, Taipei, 106, 臺灣"
53,驥園川菜,0,FALSE,FALSE,臺灣,台北,$$,川菜,+886227083110,https://axwwgrkdco.cloudimg.io/v7/__gmpics__/8fbd66bde9714684b8a7360051a6dc50,"大安區安和路二段233號, Taipei, 106, 臺灣"
54,Ephernité,0,FALSE,FALSE,臺灣,台北,$$$,時尚法國菜,+886227320732,https://axwwgrkdco.cloudimg.io/v7/__gmpics__/1f08740765d44291913d04efadbabf48,"鹽埕區五福四路258號, Kaohsiung, 臺灣"
56,鴨肉珍,0,FALSE,FALSE,臺灣,高雄,$,小吃,+88675215018,https://axwwgrkdco.cloudimg.io/v7/__gmpics__/50651d181fda479fbb5d9f26f4682c45,"仁德區崑崙路733之1號, Tainan, 臺灣"
58,阿裕牛肉 (崑崙路),0,FALSE,FALSE,臺灣,台南,$$,火鍋,+88662795500,https://axwwgrkdco.cloudimg.io/v7/__gmpics__/b315f22b0e594070a68dd6a2bef0e685,"前金區成功一路266號9樓 (漢來大飯店), Kaohsiung, 臺灣"
61,福園,0,FALSE,FALSE,臺灣,高雄,$$,臺灣菜,+88672135739,https://axwwgrkdco.cloudimg.io/v7/__gmpics__/16a7114aa7414630ad81e19faf5e2849,"新興區民生一路93號, Kaohsiung, 臺灣"
62,蟳之屋,0,FALSE,FALSE,臺灣,高雄,$$,海鮮,+88672266127,https://axwwgrkdco.cloudimg.io/v7/__gmpics__/0eb72ec6e12c4c819e28bd45f30a8cc6,"中西區民族路二段245號, Tainan, 臺灣"
65,欣欣餐廳,0,FALSE,FALSE,臺灣,台南,$$,臺灣菜,+88662222509,https://axwwgrkdco.cloudimg.io/v7/__gmpics__/9643034590e44b058d2990d3f9fe9ffe,"大同區寧夏路46號 (寧夏夜市), Taipei, 臺灣"
67,圓環邊蚵仔煎,0,FALSE,FALSE,臺灣,台北,$,街頭小吃,+886225580198,https://axwwgrkdco.cloudimg.io/v7/__gmpics__/717dba8bbf6f484cb99a9b087a73210b,"信義區仁愛路四段452巷6號, Taipei, 110, 臺灣"
68,鮨七海,0,FALSE,FALSE,臺灣,台北,$$$$,壽司,+886227580266,https://axwwgrkdco.cloudimg.io/v7/__gmpics__/e0c165e831134992a5a8ad65ff030385,"中山區南京東路二段118號, Taipei, 104, 臺灣"
70,芃卓,0,FALSE,FALSE,臺灣,台北,$$$,時尚法國菜,+886225672218,https://axwwgrkdco.cloudimg.io/v7/__gmpics__/a51b6a99892e464b9333d7a94280eb51,"中山區樂群三路200號1樓 (忠泰樂生活), Taipei, 臺灣"
71,睿麗,0,FALSE,FALSE,臺灣,台北,$$$$,創新菜,+886937857869,https://axwwgrkdco.cloudimg.io/v7/__gmpics__/3a643d8c916c48658783e53bbc1990fa,"大安區忠孝東路四段216巷27弄16號, Taipei, 臺灣"
72,鮨天本 登龍門,0,FALSE,FALSE,臺灣,台北,$$$,壽司,None,https://axwwgrkdco.cloudimg.io/v7/__gmpics__/9c602d348c634249a52dca79bfda571a,"西區存中街39巷3號, Taichung, 臺灣"
75,滿堂,0,FALSE,FALSE,臺灣,台中,$$$,創新菜,+886910833755,https://axwwgrkdco.cloudimg.io/v7/__gmpics__/eba9bfe5772846e59f3ec40551fafef0,"東區東門路一段235號, Tainan, 臺灣"
78,城邊真味炒鱔魚專家,0,FALSE,FALSE,臺灣,台南,$$,小吃,+88662091235,https://axwwgrkdco.cloudimg.io/v7/__gmpics__/d346227ac86f4b7797c38e44edd44253,"東區復興路四段17巷12號, Taichung, 臺灣"
80,地坊,0,FALSE,FALSE,臺灣,台中,$$,時尚歐陸菜,+886423755098,https://axwwgrkdco.cloudimg.io/v7/__gmpics__/bd661ea38e424ef4bf663f0489be601f,"東區復興路四段17巷10之2號, Taichung, 臺灣"
83,豬肉榮小料理,0,FALSE,FALSE,臺灣,台中,$$,亞洲菜,營業時間,https://axwwgrkdco.cloudimg.io/v7/__gmpics__/154fbbb808f648ddab53e2c8f365fbe4,"左營區德威街55號, Kaohsiung, 臺灣"
84,古家海鮮,0,FALSE,FALSE,臺灣,高雄,$$,海鮮,+88675508687,https://axwwgrkdco.cloudimg.io/v7/__gmpics__/46132af81e524d548ff34b510d5db24d,"南屯區大進街373號2樓, Taichung, 臺灣"
88,PI,0,FALSE,FALSE,臺灣,台中,$$,時尚歐陸菜,+886423225108,https://axwwgrkdco.cloudimg.io/v7/__gmpics__/6004a35a38da4086b054b4a912e4d8ab,"岡山區公園東路50號, Kaohsiung, 臺灣"
89,溫度劑,0,FALSE,FALSE,臺灣,高雄,$$,創新菜,營業時間,https://axwwgrkdco.cloudimg.io/v7/__gmpics__/602d74f30f0941d2a4b3d4a7a192ee5a,"新社區中興嶺街一段111號, Taichung, 臺灣"
90,飛花落院,0,FALSE,FALSE,臺灣,台中,$$$,日本菜,+886425822388,https://axwwgrkdco.cloudimg.io/v7/__gmpics__/f62d19014fe443ef958e7411971fc84e,"新興區復橫一路128號, Kaohsiung, 臺灣"
91,沐,0,FALSE,FALSE,臺灣,高雄,$$$,創新菜,+88672250525,https://axwwgrkdco.cloudimg.io/v7/__gmpics__/2a252996a4544167bc38f25d15156e49,"前鎮區英德街784巷12號, Kaohsiung, 臺灣"
92,冬瓜與胖子,0,FALSE,FALSE,臺灣,高雄,$$,臺灣菜,+88677279023,https://axwwgrkdco.cloudimg.io/v7/__gmpics__/f0e3e192282d4ef88cc459e877fde96e,"將軍區長沙里146之10號, Tainan, 臺灣"
93,豐之海鮮漁府,0,FALSE,FALSE,臺灣,台南,$$,海鮮,+88667930637,https://axwwgrkdco.cloudimg.io/v7/__gmpics__/e29e3cbb78e54c6c92a4f5fb40439d06,"中正區忠孝東路一段12號B1 (喜來登大飯店), Taipei, 100, 臺灣"
98,辰園,0,FALSE,FALSE,臺灣,台北,$$$,粵菜,+886223211818,https://axwwgrkdco.cloudimg.io/v7/__gmpics__/1886e8a2ca2c4b1e9872597b0f4ec2a7,"松山區敦化北路166號5樓 (文華精品), Taipei, 105, 臺灣"
100,但馬家涮涮鍋 (本館),0,FALSE,FALSE,臺灣,台北,$$$,涮涮鍋,+886227121606,https://axwwgrkdco.cloudimg.io/v7/__gmpics__/5ee8451c97c1411d9aeb8dd6ffa627ef,"中正區北平東路14號, Taipei, 100, 臺灣"
105,鈺善閣,0,FALSE,FALSE,臺灣,台北,$$$,素食,+886223945155,https://axwwgrkdco.cloudimg.io/v7/__gmpics__/7395b75d1ec341b8a66589445a8fe44a,"東區東榮街115巷47號, Tainan, 臺灣"
106,饕弄杯,0,FALSE,FALSE,臺灣,台南,$$$,時尚歐陸菜,+88662370355,https://axwwgrkdco.cloudimg.io/v7/__gmpics__/b7f23ce765ed4623bfed6e8890098140,"中西區五妃街203號, Tainan, 臺灣"
116,有你真好 湘菜沙龍,0,FALSE,FALSE,臺灣,台南,$$,湘菜,+88662157977,https://axwwgrkdco.cloudimg.io/v7/__gmpics__/7da62f6f3600493baa556802199248f5,"前金區成功一路266號10樓 (漢來大飯店), Kaohsiung, 臺灣"
117,紅陶上海湯包,0,FALSE,FALSE,臺灣,高雄,$$,餃子,+88672135751,https://axwwgrkdco.cloudimg.io/v7/__gmpics__/eaa058732c0b4d539bb96866cd908ac9,"中西區民權路二段71號, Tainan, 臺灣"
118,再發號,0,FALSE,FALSE,臺灣,台南,$,小吃,+88662223577,https://axwwgrkdco.cloudimg.io/v7/__gmpics__/cf7d3dadb64a451ba672d22e5d963d52,"中山區中山北路一段83巷24號, Taipei, 臺灣"
119,魚庒,0,FALSE,FALSE,臺灣,台北,$$,日本菜,+886225318611,https://axwwgrkdco.cloudimg.io/v7/__gmpics__/8e4a015983af4af8879227b000a92e1b,"中西區保安路41號, Tainan, 臺灣"
121,阿村牛肉湯 (保安路),0,FALSE,FALSE,臺灣,台南,$,小吃,+88662293908,https://axwwgrkdco.cloudimg.io/v7/__gmpics__/5d06294d9d654501999f5bc641d2f6d2,"大安區敦化南路一段329巷16號, Taipei, 106, 臺灣"
123,五月雪客家私房珍釀,0,FALSE,FALSE,臺灣,台北,$$,客家菜,+886227006248,https://axwwgrkdco.cloudimg.io/v7/__gmpics__/d9a281f9302c43bd8bccbca46d849320,"中山區吉林路327號, Taipei, 104, 臺灣"
125,林家蔬菜羊肉爐,0,FALSE,FALSE,臺灣,台北,$$,火鍋,+886225925174,https://axwwgrkdco.cloudimg.io/v7/__gmpics__/0216e87c544245a4835b10ac31784208,"北屯區太原路三段191號, Taichung, 406, 臺灣"
126,溫叨,0,FALSE,FALSE,臺灣,台中,$$,臺灣菜,+886422311699,https://axwwgrkdco.cloudimg.io/v7/__gmpics__/0de74e0a30324647be4648be7685b17b,"中山區中山北路二段39巷3號2樓 (晶華酒店), Taipei, 104, 臺灣"
131,Robin's 鐵板燒,0,FALSE,FALSE,臺灣,台北,$$$$,鐵板燒,+886225238000,https://axwwgrkdco.cloudimg.io/v7/__gmpics__/08ac549af6f7455a963bc33be6a81eaa,"信義區松仁路38號2樓 (寒舍艾美酒店), Taipei, 110, 臺灣"
138,寒舍食譜,0,FALSE,FALSE,臺灣,台北,$$$,粵菜,+886266228018,https://axwwgrkdco.cloudimg.io/v7/__gmpics__/a16cd317395941f19816af7aac02611d,"南區金華路一段523號, Tainan, 臺灣"
140,京華虱目魚,0,FALSE,FALSE,臺灣,台南,$,小吃,+88662641456,https://axwwgrkdco.cloudimg.io/v7/__gmpics__/58c5f759ee64416794afa66cacfa68c2,"左營區文奇路215號, Kaohsiung, 臺灣"
142,弄盞欣悅,0,FALSE,FALSE,臺灣,高雄,$$$$,時尚歐陸菜,None,https://axwwgrkdco.cloudimg.io/v7/__gmpics__/8d63f689a6f645e5a04e34a07f78ac99,"鼓山區龍德新路222號11樓 (萬豪酒店), Kaohsiung, 804, 臺灣"
143,美享地,0,FALSE,FALSE,臺灣,高雄,$$$$,創新菜,+88675596911,https://axwwgrkdco.cloudimg.io/v7/__gmpics__/a6b8671d94094d75832eecdafb950e9c,"中山區雙城街34之1號, Taipei, 104, 臺灣"
147,欣葉台菜 (創始店),0,FALSE,FALSE,臺灣,台北,$$,臺灣菜,+886225963255,https://axwwgrkdco.cloudimg.io/v7/__gmpics__/5085909cbbc84346a84809dfa6dacee3,"大安區忠孝東路四段216巷33弄15號, Taipei, 106, 臺灣"
154,Yuu,0,FALSE,FALSE,臺灣,台北,$$$$,日本菜,+886227112080,https://axwwgrkdco.cloudimg.io/v7/__gmpics__/625d615bb27f46f58b796b48e60dea44,"西區忠明南路48號, Taichung, 臺灣"
156,鳥苑,0,FALSE,FALSE,臺灣,台中,$$,日本菜,+886423262080,https://axwwgrkdco.cloudimg.io/v7/__gmpics__/51fbbca23635475b9b23fc52594bc27b,"大安區安和路一段78巷37號, Taipei, 臺灣"
158,筌,0,FALSE,FALSE,臺灣,台北,$$$$,日本菜,+886227008779,https://axwwgrkdco.cloudimg.io/v7/__gmpics__/37ee318f67174f13af66f5b9da3a45cc,"中山區雙城街25巷9號, Taipei, 臺灣"
160,月夜岩,0,FALSE,FALSE,臺灣,台北,$$$$,日本菜,+886225859221,https://axwwgrkdco.cloudimg.io/v7/__gmpics__/491a46de0d4848fca78376ab2adc8c42,"中山區新生北路三段62巷24號, Taipei, 臺灣"
162,總裁藝文空間,0,FALSE,FALSE,臺灣,台北,$$$,時尚歐陸菜,+886225926692,https://axwwgrkdco.cloudimg.io/v7/__gmpics__/120fef7c99e04df78015dd1fd95e5f2c,"信義區忠孝東路五段68號2樓 (微風信義), Taipei, 110, 臺灣"
163,心潮飯店,0,FALSE,FALSE,臺灣,台北,$$,臺灣菜,+886227239976,https://axwwgrkdco.cloudimg.io/v7/__gmpics__/b896ff34dbca49c3b92213572a7d6364,"大同區承德路一段3號6樓 (君品飯店), Taipei, 臺灣"
164,雅意,0,FALSE,FALSE,臺灣,台北,$$$$,義大利菜,+886975684833,https://axwwgrkdco.cloudimg.io/v7/__gmpics__/ff76c434e4d2428fbcd950e0e2b0a6f1,"大安區復興南路一段219巷23號, Taipei, 臺灣"
169,Cha Cha Thé Cuisine,0,FALSE,FALSE,臺灣,台北,$$$,時尚法國菜,+886227818289,https://axwwgrkdco.cloudimg.io/v7/__gmpics__/2e3eee3c9b624b7594212bc9d99eeb74,"中山區民權東路二段92巷6號, Taipei, 臺灣"
178,承家,0,FALSE,FALSE,臺灣,台北,$$,臺灣菜,+886225221276,https://axwwgrkdco.cloudimg.io/v7/__gmpics__/3dff0c90d4eb475ca848c219eea3204f,"太平區新福十六街68號2樓, Taichung, 臺灣"
179,L'Atelier par Yao,0,FALSE,FALSE,臺灣,台中,$$$,時尚法國菜,+886968059811,https://axwwgrkdco.cloudimg.io/v7/__gmpics__/fadcea0936ed4a67bc18f9bbb2207a3b,"中山區林森北路119巷22號, Taipei, 臺灣"
182,和蒔炭火割烹,0,FALSE,FALSE,臺灣,台北,$$$,日本菜,+886225427700,https://axwwgrkdco.cloudimg.io/v7/__gmpics__/8dd01c40563145219442cb33dfc219e7,"北區西華街34號, Tainan, 臺灣"
183,原則,0,FALSE,FALSE,臺灣,台南,$$$,時尚法國菜,+88662223244,https://axwwgrkdco.cloudimg.io/v7/__gmpics__/21f2c4c8f5424c6faba618d662c7127e,"東區中華東路一段366號2樓 (南紡購物中心), Tainan, 臺灣"
187,錦霞樓,0,FALSE,FALSE,臺灣,台南,$$,臺灣菜,+88663006789,https://axwwgrkdco.cloudimg.io/v7/__gmpics__/2fbbfb9fa4b64671a307ede60c86dfe4,"安平區安北路590號, Tainan, 臺灣"
188,橄饗家,0,FALSE,FALSE,臺灣,台南,$$$,西班牙菜,+88663911687,https://axwwgrkdco.cloudimg.io/v7/__gmpics__/2b310fcf02b343c691c31cbe866d3a93,"大安區復興南路一段222號, Taipei, 106, 臺灣"
192,真的好海鮮,0,FALSE,FALSE,臺灣,台北,$$$$,海鮮,+886227713000,https://axwwgrkdco.cloudimg.io/v7/__gmpics__/94fc421035a546eeb2e5cec6b20a7d56,"西區五權六街61巷1號, Taichung, 403, 臺灣"
195,脂‧板前炭火燒肉,0,FALSE,FALSE,臺灣,台中,$$$,燒烤,+886909176606,https://axwwgrkdco.cloudimg.io/v7/__gmpics__/7094a69d6aac4c769cf13293feb0669d,"信義區吳興街239號, Taipei, 110, 臺灣"
197,穆記牛肉麵,0,FALSE,FALSE,臺灣,台北,$,麵食,+886227222707,https://axwwgrkdco.cloudimg.io/v7/__gmpics__/8477799b685347e6ad4dfc0be28ac666,"中山區中山北路二段42巷6號, Taipei, 104, 臺灣"
202,笹鮨,0,FALSE,FALSE,臺灣,台北,$$$$,壽司,+886225611246,https://axwwgrkdco.cloudimg.io/v7/__gmpics__/22ecb3f06ce546eab74f047fbacc5319,"前金區仁義街231號, Kaohsiung, 臺灣"
204,Marc L³,0,FALSE,FALSE,臺灣,高雄,$$,時尚歐陸菜,+88672152157,https://axwwgrkdco.cloudimg.io/v7/__gmpics__/2627bec539aa4b4bae89e423b225c13c,"大安區安和路二段83號, Taipei, 106, 臺灣"
205,蘭,0,FALSE,FALSE,臺灣,台北,$$$$,現代菜,+886223783333,https://axwwgrkdco.cloudimg.io/v7/__gmpics__/1d03b8c113e74bd9b823c5720ac5b384,"大安區瑞安街141號, Taipei, 臺灣"
207,老烤箱,0,FALSE,FALSE,臺灣,台北,$$,義大利菜,+886227063322,https://axwwgrkdco.cloudimg.io/v7/__gmpics__/0070fae990cd43c7bc959a23952de845,"中山區敬業四路168號4樓 (維多麗亞酒店), Taipei, 104, 臺灣"
208,N°168 Prime牛排館 (中山）,0,FALSE,FALSE,臺灣,台北,$$$$,牛排屋,+886266025678,https://axwwgrkdco.cloudimg.io/v7/__gmpics__/9385d957ef104baaa394749e39866326,"前鎮區中山二路199號3樓 (晶英國際行館), Kaohsiung, 臺灣"
209,Ukai-tei,0,FALSE,FALSE,臺灣,高雄,$$$$,鐵板燒,+88679730122,https://axwwgrkdco.cloudimg.io/v7/__gmpics__/0f513dd0162e4c2b85d25d28263aaf7d,"鼓山區龍水二路9號, Kaohsiung, 臺灣"
212,Nibbon,0,FALSE,FALSE,臺灣,高雄,$$$$,時尚歐陸菜,+88675869570,https://axwwgrkdco.cloudimg.io/v7/__gmpics__/dc3cb35edde1432797d54d2ea2aa8c0b,"三民區建工路696號, Kaohsiung, 臺灣"
213,好蟳屋,0,FALSE,FALSE,臺灣,高雄,$$,海鮮,+88673865699,https://axwwgrkdco.cloudimg.io/v7/__gmpics__/e2b6b7eb66304d82987ca346bc321ce6,"前金區六合二路187號, Kaohsiung, 臺灣"
217,台南旺,0,FALSE,FALSE,臺灣,高雄,$$,臺灣菜,+88672720999,https://axwwgrkdco.cloudimg.io/v7/__gmpics__/0527a1a01b60492bb7b6bad5e115538d,"左營區南大路4號, Kaohsiung, 臺灣"
218,海光俱樂部中餐廳,0,FALSE,FALSE,臺灣,高雄,$$,江浙菜,+88675821516,https://axwwgrkdco.cloudimg.io/v7/__gmpics__/6e16f2991865422ea51952ec7c576b76,"前金區長生街29號, Kaohsiung, 臺灣"
219,長生29,0,FALSE,FALSE,臺灣,高雄,$$,臺灣菜,+88672415506,https://axwwgrkdco.cloudimg.io/v7/__gmpics__/0cb376860d344ff88b37cb594158d4ef,"鼓山區明華路366號1樓 (水京棧國際酒店), Kaohsiung, 臺灣"
221,Capstone Steakhouse,0,FALSE,FALSE,臺灣,高雄,$$$,牛排屋,+88675559682,https://axwwgrkdco.cloudimg.io/v7/__gmpics__/aa35246895304eab8ca5d444546fbbfb,"中山區雙城街25巷15號, Taipei, 104, 臺灣"
222,Tutto Bello,0,FALSE,FALSE,臺灣,台北,$$$$,時尚義大利菜,+886225923355,https://axwwgrkdco.cloudimg.io/v7/__gmpics__/aedf479f4ad04f79aab2282889074aed,"中正區中華路二段307巷20之3號攤 (南機場夜市), Taipei, 臺灣"
223,山內雞肉,0,FALSE,FALSE,臺灣,台北,$,街頭小吃,+886223050100,https://axwwgrkdco.cloudimg.io/v7/__gmpics__/df4227c946ab41bf8cf45accb3fbfc9a,"大安區四維路28號, Taipei, 106, 臺灣"
227,Mume,0,FALSE,FALSE,臺灣,台北,$$$,時尚歐陸菜,+886227000901,https://axwwgrkdco.cloudimg.io/v7/__gmpics__/59f9d3581b1b46be9445ee08c78179da,"松山區饒河街111號前 (饒河街夜市), Taipei, 臺灣"
228,麻糬寶寶,0,FALSE,FALSE,臺灣,台北,$,街頭小吃,None,https://axwwgrkdco.cloudimg.io/v7/__gmpics__/9ab2f5615c344b5f86b57cc3a93c51fe,"大安區忠孝東路四段216巷33弄10號, Taipei, 臺灣"
232,南村,0,FALSE,FALSE,臺灣,台北,$$,臺灣菜,+886227117272,https://axwwgrkdco.cloudimg.io/v7/__gmpics__/c51ceabc88444749ae3382f5d2a84a83,"新社區協中街287號, Taichung, 臺灣"
241,菇神 (新社),0,FALSE,FALSE,臺灣,台中,$$,臺灣菜,+886425822585,https://axwwgrkdco.cloudimg.io/v7/__gmpics__/ebd446d0ec764db5a3ca71eab592a7c8,"大安區和平東路二段118巷4之1號, Taipei, 臺灣"
242,16 by Flo,0,FALSE,FALSE,臺灣,台北,$$$$,時尚法國菜,+886227380688,https://axwwgrkdco.cloudimg.io/v7/__gmpics__/60bd299cff474b6cade79da965371f0f,"信義區信義路五段7號85樓 (台北101), Taipei, 臺灣"
243,捌伍添第,0,FALSE,FALSE,臺灣,台北,$$$,粵菜,+886281010085,https://axwwgrkdco.cloudimg.io/v7/__gmpics__/34d69fb52ab2498bb29b69875cbdb285,"士林區中山北路七段55號, Taipei, 111, 臺灣"
244,興蓬萊台菜,0,FALSE,FALSE,臺灣,台北,$$,臺灣菜,+886228771168,https://axwwgrkdco.cloudimg.io/v7/__gmpics__/7b016c1d8b234c5285a9f54ffe6cd365,"中山區中原街40號, Taipei, 104, 臺灣"
246,ANiMA,0,FALSE,FALSE,臺灣,台北,$$$,時尚歐陸菜,+886225416901,https://axwwgrkdco.cloudimg.io/v7/__gmpics__/f6f72afc5e034341a05011e0f7d96a2b,"士林區承德路四段192之1號B1, Taipei, 111, 臺灣"
248,讚,0,FALSE,FALSE,臺灣,台北,$$$$,鐵板燒,+886228801880,https://axwwgrkdco.cloudimg.io/v7/__gmpics__/b56327b007bf49f592517f6319f938cf,"東區崇仁街58號, Tainan, 臺灣"
249,甘旨,0,FALSE,FALSE,臺灣,台南,$$$$,日本菜,+88662678818,https://axwwgrkdco.cloudimg.io/v7/__gmpics__/91b2e2f50228458a986a75b2746292d8,"南屯區公益路二段271之1號, Taichung, 408, 臺灣"
252,東方龍,0,FALSE,FALSE,臺灣,台中,$$,臺灣菜,+886422523366,https://axwwgrkdco.cloudimg.io/v7/__gmpics__/db096fe03a4a465aadf3bc81acb23ba0,"西區存中街21號, Taichung, 403, 臺灣"
253,膳馨,0,FALSE,FALSE,臺灣,台中,$$,臺灣菜,+886423721650,https://axwwgrkdco.cloudimg.io/v7/__gmpics__/f29f331113b54f0db775d607ac5baa7f,"西屯區市政北二路52號, Taichung, 407, 臺灣"
254,KR Prime Steak,0,FALSE,FALSE,臺灣,台中,$$$,牛排屋,+886422525566,https://axwwgrkdco.cloudimg.io/v7/__gmpics__/091b11e2136047459528799d04ca54f8,"南屯區益豐路四段699號, Taichung, 408, 臺灣"
256,橡木炙烤牛排館,0,FALSE,FALSE,臺灣,台中,$$$,牛排屋,+886423830258,https://axwwgrkdco.cloudimg.io/v7/__gmpics__/acc209b0cf964dd4b389d3dbd4946246,"西區五權西六街27號, Taichung, 403, 臺灣"
260,中山招待所,0,FALSE,FALSE,臺灣,台中,$$$,時尚法國菜,+886423770808,https://axwwgrkdco.cloudimg.io/v7/__gmpics__/a6c76c235abb4331929e3b8d3c794e37,"中山區中山北路一段83巷38號, Taipei, 臺灣"
264,山秋,0,FALSE,FALSE,臺灣,台北,$$$$,日本菜,+886225218636,https://axwwgrkdco.cloudimg.io/v7/__gmpics__/27bf6bcd7837445e81d7415622f68b6b,"信義區松高路19號4樓 (新光三越信義新天地A4館）, Taipei, 110, 臺灣"
269,Chope Chope Eatery,0,FALSE,FALSE,臺灣,台北,$$$,東南亞菜,+886227238118,https://axwwgrkdco.cloudimg.io/v7/__gmpics__/635ae053c8be409fb89a15b6a3e8f2ed,"士林區天母東路80號, Taipei, 臺灣"
270,馨亞,0,FALSE,FALSE,臺灣,台北,$$$,法國菜,+886228771178,https://axwwgrkdco.cloudimg.io/v7/__gmpics__/ba4e8bc82fd94cbb83ad90369042313a,"內湖區民善街128號2樓, Taipei, 114, 臺灣"
271,美福乾式熟成牛排館,0,FALSE,FALSE,臺灣,台北,$$$$,牛排屋,+886227961566,https://axwwgrkdco.cloudimg.io/v7/__gmpics__/d29b9aaed06a4fc994ebd14b3ff760ce,"大安區安和路一段102巷4號, Taipei, 臺灣"
273,八和,0,FALSE,FALSE,臺灣,台北,$$$$,燒烤,+886223250531,https://axwwgrkdco.cloudimg.io/v7/__gmpics__/5ac2b76378dd42448d938543b9a7f36e,"三民區正氣街14號, Kaohsiung, 臺灣"
280,薩瑪法國小館,0,FALSE,FALSE,臺灣,高雄,$$$,時尚歐陸菜,營業時間,https://axwwgrkdco.cloudimg.io/v7/__gmpics__/db85fa04a01640d7906af86d3717ad96,"鼓山區明倫路496號, Kaohsiung, 臺灣"
281,仙桃素,0,FALSE,FALSE,臺灣,高雄,$$,素食,+88675227700,https://axwwgrkdco.cloudimg.io/v7/__gmpics__/9210f520448c4afb89177d97a1f1c0a4,"中西區民族路二段317巷36號, Tainan, 臺灣"
282,㕩肉舖,0,FALSE,FALSE,臺灣,台南,$$$,燒烤,+88662253636,https://axwwgrkdco.cloudimg.io/v7/__gmpics__/3f41f5d138b04ba9915321365b6cd5ee,"大安區和平東路二段76巷23弄9號, Taipei, 106, 臺灣"
285,桌藏,0,FALSE,FALSE,臺灣,台北,$$$,創新菜,+886223770952,https://axwwgrkdco.cloudimg.io/v7/__gmpics__/1e6b36e4c0f04a3a965af98227c3cab1,"中山區敬業二路199號5樓, Taipei, 臺灣"
286,大腕,0,FALSE,FALSE,臺灣,台北,$$$,燒烤,+886227110179,https://axwwgrkdco.cloudimg.io/v7/__gmpics__/2b29eca06c9d491c9738514cfc473e0f,"苓雅區憲政路132號, Kaohsiung, 臺灣"
287,方蒔,0,FALSE,FALSE,臺灣,高雄,$$$,創新菜,+88672231768,https://axwwgrkdco.cloudimg.io/v7/__gmpics__/95f627e479bd4ad6ba69217511581875,"大安區仁愛路四段27巷25號12樓 (金普頓大安酒店), Taipei, 106, 臺灣"
289,The Tavernist,0,FALSE,FALSE,臺灣,台北,$$$,時尚歐陸菜,+886227790688,https://axwwgrkdco.cloudimg.io/v7/__gmpics__/a7bc934435c84f8fa9e5f1a4d5c14a03,"北區英才路215號, Taichung, 404, 臺灣"
293,英才大麵焿,0,FALSE,FALSE,臺灣,台中,$,麵食,+886422011718,https://axwwgrkdco.cloudimg.io/v7/__gmpics__/ff8943b6a0a941f89be96f35ceb120ac,"南屯區大墩十七街35號, Taichung, 408, 臺灣"
294,元,0,FALSE,FALSE,臺灣,台中,$$$,時尚臺灣菜,+886966667067,https://axwwgrkdco.cloudimg.io/v7/__gmpics__/3d1cd204263543f0afb35ec395e46dc6,"西屯區市政北二路356號, Taichung, 407, 臺灣"
295,響海鮮,0,FALSE,FALSE,臺灣,台中,$$$,臺灣菜,+886422522127,https://axwwgrkdco.cloudimg.io/v7/__gmpics__/8b062e5f99e449d9a3ceabf4f2edb7a1,"信義區松智路17號46樓 (微風南山), Taipei, 110, 臺灣"
297,The Ukai,0,FALSE,FALSE,臺灣,台北,$$$$,鐵板燒,+886277301166,https://axwwgrkdco.cloudimg.io/v7/__gmpics__/6cb34969c37f426596cae922e9e7c072,"南屯區公益路二段783號, Taichung, 408, 臺灣"
299,与玥樓,0,FALSE,FALSE,臺灣,台中,$$,粵菜,+886423829128,https://axwwgrkdco.cloudimg.io/v7/__gmpics__/702a96775e3e439f9ffeaec6d842fec3,"中山區植福路215號2樓, Taipei, 104, 臺灣"
301,鐵板教父,0,FALSE,FALSE,臺灣,台北,$$$$,鐵板燒,+886285027689,https://axwwgrkdco.cloudimg.io/v7/__gmpics__/7840797593e74581aabc750ebc36a730,"中山區中山北路二段39巷3號3樓 (晶華酒店), Taipei, 104, 臺灣"
302,晶華軒,0,FALSE,FALSE,臺灣,台北,$$$,粵菜,+886225238000,https://axwwgrkdco.cloudimg.io/v7/__gmpics__/9846b9d3d4f442c8879f03aeffc1d4d1,"信義區忠孝東路四段553巷46弄8號, Taipei, 臺灣"
304,Jarana,0,FALSE,FALSE,臺灣,台北,$$$,西班牙菜,+886227568858,https://axwwgrkdco.cloudimg.io/v7/__gmpics__/88bf3c87dfff44f286f7ad3be0290069,"南港區中南街30號, Taipei, 115, 臺灣"
305,PASTi,0,FALSE,FALSE,臺灣,台北,$$$$,義大利菜,+886227851588,https://axwwgrkdco.cloudimg.io/v7/__gmpics__/0d6f5b88f6624906a4f002b9b11340a5,"松山區敦化北路158號5樓 (文華精品), Taipei, 105, 臺灣"
306,Thai & Thai,0,FALSE,FALSE,臺灣,台北,$$,泰國菜,+886227196689,https://axwwgrkdco.cloudimg.io/v7/__gmpics__/e4f17356ec0d48a586b023dda8655c2b,"中西區民族路二段131號, Tainan, 臺灣"
308,老曾羊肉,0,FALSE,FALSE,臺灣,台南,$,小吃,+88662248688,https://axwwgrkdco.cloudimg.io/v7/__gmpics__/a35d035c64cd42218e8c75b494685396,"南屯區益豐路四段502號, Taichung, 408, 臺灣"
309,森鐵板燒,0,FALSE,FALSE,臺灣,台中,$$$$,鐵板燒,+886423827779,https://axwwgrkdco.cloudimg.io/v7/__gmpics__/4c0e4410b10c47f886a2169956f838a0,"大安區敦化南路一段235號2樓, Taipei, 106, 臺灣"
310,梵燒肉,0,FALSE,FALSE,臺灣,台北,$$$,燒烤,+886227710597,https://axwwgrkdco.cloudimg.io/v7/__gmpics__/93a3ea8cda5e45319c7b33fa8762d4fd,"南屯區龍富十五路36號, Taichung, 40880, 臺灣"
313,湄南河,0,FALSE,FALSE,臺灣,台中,$$,泰國菜,+886423862678,https://axwwgrkdco.cloudimg.io/v7/__gmpics__/281677ce4abd44b0a682f26a471a252d,"南屯區文心南五路一段326之3號, Taichung, 408, 臺灣"
314,千味海鮮,0,FALSE,FALSE,臺灣,台中,$$,臺灣菜,+886424732373,https://axwwgrkdco.cloudimg.io/v7/__gmpics__/71ee51b75e26420c9dc46f241923311d,"西區存中街29號, Taichung, 403, 臺灣"
316,潔,0,FALSE,FALSE,臺灣,台中,$$$,日本菜,+886423761536,https://axwwgrkdco.cloudimg.io/v7/__gmpics__/543bf2a0717d48278676702dbd4c55b2,"西區存中街47號, Taichung, 403, 臺灣"
318,淇里思 (西區),0,FALSE,FALSE,臺灣,台中,$$,印度菜,+886423770007,https://axwwgrkdco.cloudimg.io/v7/__gmpics__/9c68df2590e94c48be0403418b05589e,"松山區敦化北路166號5樓 (文華精品), Taipei, 105, 臺灣"
319,鮨增田,0,FALSE,FALSE,臺灣,台北,$$$$,壽司,+886227126828,https://axwwgrkdco.cloudimg.io/v7/__gmpics__/0e30ca1c047b4384bd82c308836a06f8,"大安區大安路一段116巷17號, Taipei, 臺灣"
13,好嶼,0,TRUE,FALSE,臺灣,台北,$$$,時尚臺灣菜,+886227114723,https://axwwgrkdco.cloudimg.io/v7/__gmpics__/9bcf3053bda9487496d6ae5e20a750a6,"大安區忠孝東路四段181巷40弄14號, Taipei, 臺灣"
64,Thomas Chien,0,TRUE,FALSE,臺灣,高雄,$$$,時尚法國菜,+88675369436,https://axwwgrkdco.cloudimg.io/v7/__gmpics__/09c3d442a68c4f0db105a36e76ba42f5,"前鎮區成功二路11號, Kaohsiung, 臺灣"
231,陽明春天 (士林),0,TRUE,FALSE,臺灣,台北,$$$,素食,+886228620178,https://axwwgrkdco.cloudimg.io/v7/__gmpics__/02eacac134e1492893e508698036c85d,"士林區菁山路119之1號, Taipei, 臺灣"
234,EMBERS,0,TRUE,FALSE,臺灣,台北,$$$$,時尚臺灣菜,+886277515598,https://axwwgrkdco.cloudimg.io/v7/__gmpics__/d0330264849a4cffbe2117e62cf6a7e5,"大安區仁愛路四段122巷24號, Taipei, 臺灣"